Participant_ID,Organization_ID,FirstName,LastName,Email
-200,-200,Patricia,Walsh,patricia.walsh@meridiangroup.com
-201,-200,Brian,Kowalski,b.kowalski@meridiangroup.com
-202,-200,Angela,Torres,a.torres@meridiangroup.com
-203,-200,Steven,Park,s.park@meridiangroup.com
-204,-200,Linda,Osei,l.osei@meridiangroup.com
-205,-201,Douglas,Fenn,d.fenn@riverstoneadmin.com
-206,-201,Cynthia,Bell,c.bell@riverstoneadmin.com
-207,-201,Marcus,Webb,m.webb@riverstoneadmin.com
-208,-201,Theresa,Nguyen,t.nguyen@riverstoneadmin.com
